歪脖,#hahaha233max#,男,重点回答日本问题
周星星,#hahaha233max#,男,重点回答日本问题
神马都是浮云,#hahaha233max#,男,重点回答日本问题
skyer,#hahaha233max#,女,重点回答日本问题
废柴之星,#hahaha233max#,未知,重点回答日本问题
为何加班的总是我,#hahaha233max#,未知,重点回答日本问题
上海loser,#hahaha233max#,未知,重点回答日本问题
btt,#hahaha233max#,未知,重点回答日本问题
翔,#hahaha233max#,女,重点回答日本问题
ntt,#hahaha233max#,未知,重点回答日本问题
5毛一贴,#hahaha233max#,男,重点回答日本问题
transformer,#hahaha233max#,未知,重点回答日本问题
小鱼儿,#hahaha233max#,未知,重点回答日本问题
我是厦大的,#hahaha233max#,男,重点回答日本问题
popfans,#hahaha233max#,未知,重点回答日本问题
一支镜头走天下,#hahaha233max#,男,重点回答日本问题
water,#hahaha233max#,女,重点回答日本问题
只得去,#hahaha233max#,男,重点回答日本问题
yuki136,#hahaha233max#,女,重点回答日本问题
我顶,#hahaha233max#,未知,重点回答日本问题
没钱没房,#hahaha233max#,男,重点回答日本问题
给你吃香蕉,#hahaha233max#,男,重点回答东南亚问题
追求极限,#hahaha233max#,未知,重点回答东南亚问题
max233,#hahaha233max#,未知,重点回答东南亚问题
哈哈儿998,#hahaha233max#,未知,重点回答东南亚问题
2b旅行,#hahaha233max#,未知,重点回答东南亚问题
ctc1990,#hahaha233max#,女,重点回答东南亚问题
眼镜侠911,#hahaha233max#,男,重点回答东南亚问题
每天喝可乐,#hahaha233max#,男,重点回答东南亚问题
我儿子是李刚,#hahaha233max#,男,重点回答东南亚问题
帅要怎么说出口,#hahaha233max#,男,重点回答东南亚问题
美丽不打折,#hahaha233max#,女,重点回答东南亚问题
张嘿嘿,#hahaha233max#,男,重点回答东南亚问题
amy3310,#hahaha233max#,女,重点回答东南亚问题
女人花,#hahaha233max#,女,重点回答东南亚问题
xyyz,#hahaha233max#,女,重点回答东南亚问题
比猴子还凶,#hahaha233max#,未知,重点回答东南亚问题
无双,#hahaha233max#,女,重点回答东南亚问题
やめて,#hahaha233max#,未知,重点回答东南亚问题
风行九州,#hahaha233max#,未知,重点回答东南亚问题
每年都有那么几次,#hahaha233max#,未知,重点回答东南亚问题
xxx110,#hahaha233max#,未知,重点回答东南亚问题
坏坏,#hahaha233max#,未知,重点回答东南亚问题
大冬瓜,#hahaha233max#,未知,重点回答东南亚问题
矮胖富,#hahaha233max#,男,重点回答任意其他问题
我想嫁人,#hahaha233max#,女,重点回答任意其他问题
谁敢比我帅,#hahaha233max#,男,重点回答任意其他问题
hua,#hahaha233max#,男,重点回答任意其他问题
jindan,#hahaha233max#,女,重点回答任意其他问题
小胖,#hahaha233max#,男,重点回答任意其他问题
人间胸器,#hahaha233max#,女,重点回答任意其他问题
jiajia,#hahaha233max#,女,重点回答任意其他问题
佳佳,#hahaha233max#,女,重点回答任意其他问题
周小豆,#hahaha233max#,未知,重点回答任意其他问题
电光紫,#hahaha233max#,女,重点回答任意其他问题
你太有才了,#hahaha233max#,未知,重点回答任意其他问题
油菜花,#hahaha233max#,女,重点回答任意其他问题
mini9,#hahaha233max#,男,重点回答任意其他问题
小诺,#hahaha233max#,未知,重点回答任意其他问题
W8008,#hahaha233max#,未知,重点回答任意其他问题
n95,#hahaha233max#,未知,重点回答任意其他问题
NEX,#hahaha233max#,未知,重点回答任意其他问题
N900,#hahaha233max#,未知,重点回答任意其他问题
X100,#hahaha233max#,男,重点回答任意其他问题
polo,#hahaha233max#,未知,重点回答任意其他问题
号码百事通,#hahaha233max#,未知,重点回答任意其他问题
永远的巴蒂,#hahaha233max#,男,重点回答任意其他问题
郭冰冰,#hahaha233max#,未知,重点回答任意其他问题
PC-LIU,#hahaha233max#,未知,重点回答任意其他问题
老实丹顿,#hahaha233max#,未知,重点回答任意其他问题
microLink,#hahaha233max#,未知,重点回答任意其他问题
canon user,#hahaha233max#,男,重点回答任意其他问题
一支卡片走天下,#hahaha233max#,未知,重点回答任意其他问题
装b侠,#hahaha233max#,男,重点回答任意其他问题
蓝领工人,#hahaha233max#,未知,重点回答任意其他问题
手机档,#hahaha233max#,未知,重点回答任意其他问题
中华一番,#hahaha233max#,男,重点回答任意其他问题
火影忍者,#hahaha233max#,男,重点回答任意其他问题
背包一族,#hahaha233max#,男,重点回答任意其他问题
纯灌水,#hahaha233max#,未知,重点回答任意其他问题
海の水,#hahaha233max#,女,重点回答任意其他问题
大爱章鱼小丸子,#hahaha233max#,女,重点提问日本
想公费旅游,#hahaha233max#,未知,重点提问日本
小东东,#hahaha233max#,未知,重点提问日本
ford,#hahaha233max#,男,重点提问日本
nnt,#hahaha233max#,男,重点提问日本
itravel,#hahaha233max#,男,重点提问日本
南哥,#hahaha233max#,男,重点提问日本
踩姑娘的小蘑菇,#hahaha233max#,未知,重点提问日本
想去日本,#hahaha233max#,女,重点提问日本
gojapan,#hahaha233max#,未知,重点提问日本
travel360,#hahaha233max#,未知,重点提问日本
xman,#hahaha233max#,男,重点提问日本
购物狂,#hahaha233max#,女,重点提问日本
每月透支,#hahaha233max#,女,重点提问日本
输入法不存在,#hahaha233max#,男,重点提问日本
exc,#hahaha233max#,男,重点提问日本
micro,#hahaha233max#,未知,重点提问日本
love shopping,#hahaha233max#,女,重点提问日本
at12345,#hahaha233max#,男,重点提问日本
萌萌,#hahaha233max#,未知,重点提问日本
王教授,#hahaha233max#,男,重点提问日本
空军,#hahaha233max#,男,重点提问日本
橙色风暴,#hahaha233max#,未知,重点提问日本
白色,#hahaha233max#,未知,重点提问日本
ccd,#hahaha233max#,未知,重点提问日本
反复重启,#hahaha233max#,男,重点提问日本
爱喝酸奶,#hahaha233max#,未知,重点提问日本
東京の夏,#hahaha233max#,未知,重点提问日本
旅の心,#hahaha233max#,女,重点提问日本
数码男,#hahaha233max#,男,重点提问日本
fz,#hahaha233max#,未知,重点提问日本
神经侠侣,#hahaha233max#,男,重点提问日本
小飞侠,#hahaha233max#,男,重点提问日本
ocean,#hahaha233max#,未知,重点提问日本
sky3655,#hahaha233max#,未知,重点提问日本
tea1985,#hahaha233max#,未知,重点提问日本
丰臣锈极,#hahaha233max#,男,重点提问日本
只买名牌,#hahaha233max#,未知,重点提问日本
一球成名,#hahaha233max#,男,重点提问日本
tel110,#hahaha233max#,未知,重点提问日本
eric,#hahaha233max#,未知,重点提问东南亚
amie lin,#hahaha233max#,未知,重点提问东南亚
yang,#hahaha233max#,未知,重点提问东南亚
佩,#hahaha233max#,男,重点提问东南亚
丹丹,#hahaha233max#,女,重点提问东南亚
吃货在人间,#hahaha233max#,未知,重点提问东南亚
没出过国,#hahaha233max#,未知,重点提问东南亚
serria D,#hahaha233max#,未知,重点提问东南亚
pvg,#hahaha233max#,未知,重点提问东南亚
东门吹雪,#hahaha233max#,男,重点提问东南亚
跌跌不休,#hahaha233max#,未知,重点提问东南亚
花痴大当家,#hahaha233max#,女,重点提问东南亚
小熊1987,#hahaha233max#,女,重点提问东南亚
anya1983,#hahaha233max#,女,重点提问东南亚
xin1979,#hahaha233max#,男,重点提问东南亚
刘见红,#hahaha233max#,男,重点提问东南亚
click me,#hahaha233max#,未知,重点提问东南亚
村村通,#hahaha233max#,男,重点提问东南亚
pktian,#hahaha233max#,未知,重点提问东南亚
boo,#hahaha233max#,未知,重点提问东南亚
感恩的心,#hahaha233max#,女,重点提问东南亚
哑哑,#hahaha233max#,女,重点提问东南亚
带鱼,#hahaha233max#,男,重点提问东南亚
天使爱美丽,#hahaha233max#,女,任意其他问题
如龙,#hahaha233max#,男,任意其他问题
郭德铁,#hahaha233max#,男,任意其他问题
卡拉是只猫,#hahaha233max#,女,任意其他问题
真希,#hahaha233max#,女,任意其他问题
ak99,#hahaha233max#,未知,任意其他问题
国安是冠军,#hahaha233max#,男,任意其他问题
cc,#hahaha233max#,未知,任意其他问题
BOB,#hahaha233max#,未知,任意其他问题
小魔女,#hahaha233max#,女,任意其他问题
雪山飞狐,#hahaha233max#,男,任意其他问题
无双妹,#hahaha233max#,女,任意其他问题
NUM,#hahaha233max#,未知,任意其他问题
子琪,#hahaha233max#,女,任意其他问题
糊涂娃,#hahaha233max#,未知,任意其他问题
monita,#hahaha233max#,未知,任意其他问题
feng,#hahaha233max#,女,任意其他问题
值得去游遍天下,#hahaha233max#,男,提问评论问题
